QB,RB,WR,TE,OL,Offense,IDL,EDGE,LB,S,CB,Defense,Team,Year
13385137.0,10203112.0,19241989.0,5509036.0,25664899.0,74004173.0,5264666.0,10241101.0,10004817.0,6920158.0,6032738.0,38463480.0,Eagles,2013
1557085.0,10799653.0,16831423.0,12778788.0,27955261.0,69922210.0,7701509.0,25013832.0,7377232.0,8579619.0,3507877.0,52180069.0,Seahawks,2013
6336958.0,15376098.0,12686896.0,6979500.0,26721984.0,68101436.0,6496528.0,8776293.0,5740835.0,10777066.0,9602477.0,41393199.0,Titans,2013
18716295.0,5070632.0,10120554.0,8013902.0,24318758.0,66240141.0,6880138.0,10234767.0,8030669.0,5894346.0,17559225.0,48599145.0,Broncos,2013
21998400.0,5036739.0,8677626.0,2998913.0,24235900.0,62947578.0,5118995.0,9523813.0,7916847.0,12704990.0,11202110.0,46466755.0,Giants,2013
11756250.0,10825134.0,14247672.0,6948519.0,18690874.0,62468449.0,15386734.0,3770636.0,7593313.0,7816547.0,16655776.0,51223006.0,Texans,2013
18193235.0,9159749.0,11679433.0,3245951.0,18150025.0,60428393.0,6485380.0,14326594.0,11034166.0,9960582.0,11598369.0,53405091.0,Saints,2013
8470554.0,15752460.0,10378281.0,4582245.0,20329032.0,59512572.0,11556066.0,24552100.0,13577945.0,5691438.0,4206849.0,59584398.0,Vikings,2013
15996516.0,5201250.0,10926398.0,8795715.0,17428226.0,58348105.0,6241425.0,13838120.0,4555052.0,11490435.0,4839588.0,40964620.0,Chargers,2013
10920140.0,6293062.0,17406642.0,6938146.0,16464048.0,58022038.0,9806798.0,8139270.0,8433728.0,7249890.0,9276181.0,42905867.0,Falcons,2013
21556666.0,3987009.0,15383546.0,4207277.0,12601451.0,57735949.0,14671559.0,7814297.0,10468126.0,4758334.0,6133807.0,43846123.0,Lions,2013
2897535.0,9182062.0,16963177.0,10569598.0,17581156.0,57193528.0,11028483.0,10194288.0,7666512.0,10696955.0,13185741.0,52771979.0,49ers,2013
14759018.0,4154535.0,12811933.0,2593765.0,20679882.0,54999133.0,5447833.0,4476989.0,15203295.0,3028114.0,13025418.0,41181649.0,Jets,2013
13013000.0,2429420.0,10223980.0,11341695.0,17211503.0,54219598.0,15831195.0,12650974.0,9100786.0,4969273.0,13957143.0,56509371.0,Packers,2013
14603953.0,3682367.0,8749814.0,4150882.0,22775490.0,53962506.0,15169500.0,6420702.0,10801171.0,7386653.0,8618787.0,48396813.0,Patriots,2013
5972967.0,2212882.0,19735321.0,4645357.0,20025614.0,52592141.0,14227749.0,9152416.0,10476684.0,4619719.0,7102431.0,45578999.0,Commanders,2013
11276471.0,12036166.0,16580067.0,2495000.0,10071052.0,52458756.0,10999363.0,18744765.0,12510915.0,3802254.0,15375000.0,61432297.0,Bears,2013
7579454.0,9290450.0,11041036.0,4325000.0,18981126.0,51217066.0,5096152.0,11629844.0,12335911.0,6639853.0,3244456.0,38946216.0,Panthers,2013
6172993.0,5306754.0,15022466.0,4425078.0,19171690.0,50098981.0,20498000.0,5347625.0,7964030.0,2809618.0,10407900.0,47027173.0,Cardinals,2013
13818982.0,2257011.0,8120768.0,5623758.0,19470710.0,49291229.0,4133225.0,20864805.0,7285429.0,3626564.0,12623808.0,48533831.0,Cowboys,2013
8626545.0,7195732.0,11908481.0,2615661.0,18601449.0,48947868.0,13140390.0,16498650.0,4492779.0,13323235.0,9596407.0,57051461.0,Colts,2013
10708333.0,5379755.0,8668150.0,3435650.0,20708982.0,48900870.0,13759289.0,17451636.0,5081500.0,13251425.0,13096878.0,62640728.0,Chiefs,2013
13705176.0,2637944.0,5479738.0,6217555.0,19240160.0,47280573.0,9376091.0,13967275.0,15711252.0,3645196.0,17453159.0,60152973.0,Rams,2013
1184375.0,4644753.0,13444505.0,2393504.0,25305673.0,46972810.0,14773893.0,5032152.0,5804388.0,13033579.0,19521921.0,58165933.0,Buccaneers,2013
15393138.0,2549641.0,8799844.0,9207474.0,10836255.0,46786352.0,12586770.0,12823812.0,9155304.0,16480395.0,11069889.0,62116170.0,Steelers,2013
8347588.0,9012941.0,6832868.0,7160882.0,14812080.0,46166359.0,4612010.0,9323215.0,13544999.0,2631626.0,3572072.0,33683922.0,Jaguars,2013
2881583.0,5750703.0,8730272.0,5005166.0,22390147.0,44757871.0,13979869.0,24778885.0,8370673.0,5834061.0,16118302.0,69081790.0,Bengals,2013
7381327.0,7936927.0,7986810.0,3966000.0,16354916.0,43625980.0,17275372.0,19320572.0,4593000.0,3813423.0,10949281.0,55951648.0,Ravens,2013
4663940.0,8362867.0,8979223.0,4489668.0,14455361.0,40951059.0,16611040.0,13270000.0,5414838.0,10503423.0,7069748.0,52869049.0,Bills,2013
5859205.0,2412352.0,8242874.0,6007127.0,17575011.0,40096569.0,15944118.0,11848139.0,9006508.0,5027138.0,13351955.0,55177858.0,Dolphins,2013
4171299.0,2200883.0,5666354.0,2620527.0,23789034.0,38448097.0,19697955.0,14276906.0,7765000.0,2500318.0,10928931.0,55169110.0,Browns,2013
1146517.0,11735884.0,4609651.0,1496363.0,10275023.0,29263438.0,5163512.0,2078750.0,6548030.0,6752294.0,6782330.0,27324916.0,Raiders,2013
18576474.0,6980028.0,17966288.0,1247246.0,26480666.0,71250702.0,14382019.0,9969271.0,7666852.0,7645545.0,5342576.0,45006263.0,Falcons,2014
19064118.0,5399617.0,12178739.0,6269241.0,25334966.0,68246681.0,8932135.0,5228215.0,10041920.0,9017368.0,8305918.0,41525556.0,Saints,2014
18629094.0,2748063.0,18771159.0,3669295.0,22809266.0,66626877.0,7401361.0,18552790.0,3982315.0,7141122.0,15320403.0,52397991.0,Broncos,2014
17856766.0,8605886.0,10851816.0,9315091.0,19973727.0,66603286.0,7275737.0,12045271.0,6024227.0,13044216.0,6186511.0,44575962.0,Chargers,2014
19930000.0,3635133.0,7489962.0,8642056.0,26264010.0,65961161.0,12047009.0,21708707.0,13272617.0,4207611.0,3599498.0,54835442.0,Rams,2014
3772237.0,16415834.0,10693053.0,5720045.0,29339566.0,65940735.0,6088275.0,17791018.0,10285319.0,7603608.0,13632290.0,55400510.0,Eagles,2014
19219118.0,9580845.0,12299126.0,7234947.0,16590321.0,64924357.0,4235688.0,14352349.0,10686451.0,4434278.0,11742197.0,45450963.0,Bears,2014
9024346.0,5275190.0,28597229.0,2453213.0,19150146.0,64500124.0,8558325.0,16269884.0,19901899.0,7286117.0,12603136.0,64619361.0,Dolphins,2014
10278077.0,13954903.0,10289462.0,3870027.0,24118962.0,62511431.0,9823887.0,16318199.0,13041933.0,3934664.0,7924243.0,51042926.0,Vikings,2014
4907663.0,9457433.0,19869037.0,4412445.0,22861050.0,61507628.0,8117519.0,8070107.0,8574142.0,3124451.0,17795552.0,45681771.0,Texans,2014
6114325.0,8372771.0,14014025.0,9364040.0,22908605.0,60773766.0,14858320.0,9959422.0,14238165.0,7042189.0,7623157.0,53721253.0,49ers,2014
21008400.0,5120134.0,12922572.0,2083825.0,19002962.0,60137893.0,6171260.0,6942313.0,14546482.0,14367378.0,11998314.0,54025747.0,Giants,2014
17031668.0,6083043.0,18606777.0,5509002.0,11871158.0,59101648.0,27994602.0,10114648.0,13479446.0,5342000.0,4023173.0,60953869.0,Lions,2014
7082926.0,2678257.0,18448822.0,3831981.0,26783400.0,58825386.0,22282539.0,15092287.0,5082772.0,3143824.0,7461353.0,53062775.0,Commanders,2014
5402878.0,6138225.0,15118083.0,3321133.0,27006154.0,56986473.0,7501734.0,7897645.0,9264790.0,4571367.0,7604495.0,36840031.0,Jets,2014
6035575.0,6896110.0,9394069.0,8033603.0,26321377.0,56680734.0,14188978.0,9059903.0,6628324.0,14007775.0,10683260.0,54568240.0,Titans,2014
15446036.0,4537291.0,13923556.0,7369559.0,15395126.0,56671568.0,10516902.0,5631786.0,12844605.0,8593385.0,15181481.0,52768159.0,Patriots,2014
8786939.0,11495196.0,17692219.0,6165390.0,12179435.0,56319179.0,14297941.0,16416918.0,7815650.0,14822053.0,8579227.0,61931789.0,Chiefs,2014
21333138.0,1669039.0,7942649.0,7847766.0,14731514.0,53524106.0,9360367.0,13428435.0,15222160.0,10751868.0,13352245.0,62115075.0,Steelers,2014
10928123.0,3654864.0,10856116.0,8253862.0,19718975.0,53411940.0,16160671.0,14597786.0,13702366.0,6534061.0,17739200.0,68734084.0,Bengals,2014
19273750.0,2878903.0,9395943.0,2464445.0,18882444.0,52895485.0,7465236.0,23761153.0,11140825.0,7570989.0,19240070.0,69178273.0,Packers,2014
12764666.0,2815945.0,5655361.0,9965144.0,21402763.0,52603879.0,5927135.0,5288895.0,10078315.0,4115045.0,21287488.0,46696878.0,Cowboys,2014
16676701.0,2653397.0,14667325.0,4410632.0,13774076.0,52182131.0,25825251.0,9394096.0,6943566.0,3473804.0,16867423.0,62504140.0,Cardinals,2014
5512169.0,3929661.0,17087432.0,4133809.0,20487478.0,51150549.0,26581339.0,14179861.0,4809468.0,10665150.0,12689893.0,68925711.0,Buccaneers,2014
8743113.0,11891700.0,4162200.0,9273200.0,16431582.0,50501795.0,6505547.0,26696480.0,9299071.0,4944876.0,1839412.0,49285386.0,Panthers,2014
2807980.0,1529301.0,10771737.0,4683350.0,30648671.0,50441039.0,17269848.0,13935899.0,7257125.0,6699334.0,17398562.0,62560768.0,Browns,2014
9554830.0,6308882.0,8703307.0,10592682.0,15272558.0,50432259.0,11745833.0,17144223.0,13828131.0,2960477.0,4986002.0,50664666.0,Jaguars,2014
2227438.0,9949013.0,6213265.0,7351109.0,23339609.0,49080434.0,11876832.0,14437175.0,11003673.0,14824595.0,6488073.0,58630348.0,Seahawks,2014
15578427.0,1891185.0,6901832.0,4991340.0,17657641.0,47020425.0,21184683.0,14137592.0,5493818.0,5389608.0,11857910.0,58063611.0,Ravens,2014
6126486.0,11520979.0,6857046.0,3098194.0,19208595.0,46811300.0,13808832.0,23537100.0,12589051.0,7300537.0,12531233.0,69766753.0,Bills,2014
9779454.0,4019936.0,11976863.0,2894739.0,16559625.0,45230617.0,18595139.0,16302457.0,7916347.0,7474934.0,15753451.0,66042328.0,Colts,2014
9471691.0,6996329.0,9015614.0,1400205.0,17354097.0,44237936.0,8198430.0,14641333.0,5264934.0,13433828.0,11631671.0,53170196.0,Raiders,2014
19067139.0,2115642.0,23083075.0,7984142.0,25231140.0,77481138.0,9780662.0,21029315.0,3297368.0,11305871.0,13543730.0,58956946.0,Broncos,2015
5245038.0,16960950.0,15700531.0,8705993.0,29660487.0,76272999.0,10108617.0,15465984.0,11870684.0,5565439.0,14643487.0,57654211.0,Vikings,2015
8997885.0,3242342.0,24335809.0,5451490.0,27764389.0,69791915.0,20732031.0,9316339.0,7356014.0,6696517.0,10756352.0,54857253.0,Commanders,2015
5192407.0,6431875.0,20552089.0,4191281.0,33201673.0,69569325.0,17349030.0,3696387.0,10546255.0,8846076.0,31508947.0,71946695.0,Jets,2015
17392354.0,12012071.0,9224526.0,6878554.0,23951203.0,69458708.0,8704164.0,16527523.0,8452587.0,11129568.0,13900914.0,58714756.0,Eagles,2015
14791795.0,4340249.0,16040318.0,12066813.0,21165260.0,68404435.0,7937534.0,12837644.0,12503493.0,11471634.0,4536710.0,49287015.0,Patriots,2015
23002368.0,7201545.0,8556430.0,10790590.0,18814927.0,68365860.0,13709705.0,4619834.0,10188872.0,12240418.0,9571186.0,50330015.0,Chargers,2015
18498450.0,5554369.0,25484600.0,7702332.0,10416454.0,67656205.0,12313980.0,11899684.0,13578562.0,8736044.0,5062376.0,51590646.0,Lions,2015
16725388.0,11448751.0,12781274.0,7560294.0,17921204.0,66436911.0,5097132.0,17841113.0,4210126.0,8796854.0,6925380.0,42870605.0,Bears,2015
11834168.0,2946734.0,16186291.0,5182957.0,29469242.0,65619392.0,23944442.0,5601270.0,9462857.0,4181310.0,22409565.0,65599444.0,Cardinals,2015
20208674.0,2086750.0,23948138.0,2839587.0,15191609.0,64274758.0,14046673.0,11391348.0,6048588.0,7655153.0,5104050.0,44245812.0,Falcons,2015
15429000.0,9847396.0,8456702.0,8146666.0,21230527.0,63110291.0,6489428.0,23632158.0,18067227.0,5187392.0,4940895.0,58317100.0,Panthers,2015
10238778.0,4040770.0,18726078.0,3962305.0,26041777.0,63009708.0,14160300.0,11753976.0,20598622.0,8119150.0,16808890.0,71440938.0,Bengals,2015
8194273.0,5564721.0,7847093.0,16447200.0,24810232.0,62863519.0,22356097.0,12025078.0,13628224.0,5375948.0,9416089.0,62801436.0,Jaguars,2015
25358586.0,5692821.0,9440930.0,3887942.0,18404737.0,62785016.0,4811895.0,5489433.0,10157172.0,11168099.0,9757823.0,41384422.0,Saints,2015
15240800.0,6883801.0,14975789.0,1889705.0,23070742.0,62060837.0,5124721.0,13672478.0,10989660.0,3336069.0,17527051.0,50649979.0,Giants,2015
20090908.0,2917044.0,13021509.0,3295825.0,21065314.0,60390600.0,10632552.0,35680871.0,1045193.0,10790891.0,13207797.0,71357304.0,Packers,2015
16944412.0,2913788.0,9824791.0,8910235.0,20756704.0,59349930.0,6445633.0,14548637.0,7764297.0,17048671.0,7299764.0,53107002.0,Ravens,2015
20358139.0,3265082.0,10701027.0,6131594.0,18800947.0,59256789.0,14557602.0,7727575.0,13207206.0,5560650.0,13377624.0,54430657.0,Steelers,2015
16983000.0,3636824.0,11395882.0,8455213.0,17609241.0,58080160.0,3212519.0,16676513.0,12864734.0,5252185.0,24161659.0,62167610.0,Cowboys,2015
17234471.0,4458248.0,13805614.0,2762661.0,19757909.0,58018903.0,6591793.0,11474979.0,10783706.0,8880119.0,6467970.0,44198567.0,49ers,2015
8093954.0,1964338.0,14792090.0,5193030.0,27241456.0,57284868.0,15138196.0,14097291.0,9223625.0,11656943.0,23514408.0,73630463.0,Browns,2015
21476940.0,9656539.0,6172669.0,2273413.0,16685651.0,56265212.0,11816841.0,13645289.0,8095994.0,14112700.0,11077574.0,58748398.0,Chiefs,2015
5218449.0,4573838.0,11865185.0,15475441.0,18702572.0,55835485.0,10316492.0,37018755.0,10685780.0,8220899.0,4293600.0,70535526.0,Rams,2015
1918064.0,3907750.0,12243561.0,4799545.0,31155998.0,54024918.0,10429225.0,13003817.0,12767283.0,14730695.0,4515992.0,55447012.0,Raiders,2015
5965886.0,5081515.0,18129732.0,4336557.0,20141348.0,53655038.0,23969929.0,5445509.0,12188387.0,4087338.0,8260432.0,53951595.0,Buccaneers,2015
8554868.0,10635847.0,9888081.0,10063162.0,12810650.0,51952608.0,9600635.0,18100443.0,12650324.0,13893024.0,15557555.0,69801981.0,Seahawks,2015
6357837.0,10875801.0,6411093.0,5702571.0,22553824.0,51901126.0,20580901.0,9018355.0,12609806.0,4828838.0,23059240.0,70097140.0,Texans,2015
10966900.0,5547765.0,13153178.0,4034629.0,14365795.0,48068267.0,14935562.0,24983566.0,10511983.0,5801282.0,21055447.0,77287840.0,Colts,2015
7625864.0,2623010.0,7039908.0,6819535.0,23159445.0,47267762.0,11620268.0,18738508.0,9272473.0,10861046.0,14670090.0,65162385.0,Dolphins,2015
3732738.0,7707163.0,12781663.0,5735146.0,15086305.0,45043015.0,16827353.0,27384012.0,7282129.0,5657363.0,16809630.0,73960487.0,Bills,2015
5017020.0,5286810.0,8113034.0,10447500.0,11157861.0,40022225.0,21122812.0,10312803.0,6083453.0,12937775.0,15939246.0,66396089.0,Titans,2015
23926148.0,9073966.0,19837501.0,9867494.0,21408752.0,84113861.0,4585559.0,10409388.0,15942586.0,8367517.0,20670361.0,59975411.0,Cowboys,2016
22237334.0,2428948.0,23519793.0,8387911.0,26070817.0,82644803.0,9823954.0,11615247.0,4179207.0,7736030.0,10733385.0,44087823.0,Commanders,2016
25334805.0,4433346.0,16885326.0,4133728.0,28392364.0,79179569.0,14224578.0,10044940.0,20449321.0,7261255.0,6603699.0,58583793.0,Steelers,2016
15259305.0,5014925.0,17034672.0,12753868.0,26847155.0,76909925.0,5119235.0,14912527.0,13450124.0,12755434.0,4775449.0,51012769.0,Patriots,2016
17180000.0,7117376.0,18017691.0,8274768.0,25663138.0,76252973.0,17468654.0,14930795.0,5378711.0,7089050.0,18462884.0,63330094.0,Chargers,2016
25631100.0,1852741.0,21945916.0,5486900.0,21046268.0,75962925.0,3803031.0,20886504.0,10513747.0,4903067.0,6580038.0,46686387.0,Falcons,2016
12430538.0,13666191.0,8596564.0,7804564.0,32879606.0,75377463.0,11885987.0,16151461.0,11877574.0,12925603.0,16485260.0,69325885.0,Vikings,2016
20140353.0,2164522.0,23144751.0,4465009.0,25002276.0,74916911.0,10499728.0,23295184.0,11928466.0,3785524.0,9703965.0,59212867.0,Bears,2016
21450000.0,10958863.0,8550593.0,8019942.0,25130242.0,74109640.0,9915073.0,5907171.0,18305233.0,5817094.0,3505394.0,43449965.0,Panthers,2016
19980000.0,5551333.0,14669690.0,11144550.0,20978970.0,72324543.0,11141107.0,17579573.0,6160859.0,7650838.0,13866511.0,56398888.0,Colts,2016
14195413.0,7582248.0,17965568.0,4895878.0,26963355.0,71602462.0,15774614.0,15267615.0,15238247.0,10932963.0,20040214.0,77253653.0,Bengals,2016
8192029.0,9960806.0,20084145.0,4575686.0,28332177.0,71144843.0,18489165.0,14390783.0,15028993.0,5670300.0,21537490.0,75116731.0,Buccaneers,2016
20967647.0,5171763.0,19073522.0,5942819.0,19298535.0,70454286.0,23704115.0,12115452.0,6216592.0,11210539.0,16623998.0,69870696.0,Cardinals,2016
19910320.0,4891731.0,20545094.0,3544204.0,20810535.0,69701884.0,14048475.0,32922762.0,1857299.0,10976780.0,16459880.0,76265196.0,Packers,2016
4623009.0,2818849.0,19361975.0,5870639.0,36972041.0,69646513.0,10767380.0,19443717.0,7072959.0,12697085.0,20847900.0,70829041.0,Raiders,2016
23338824.0,3971695.0,17699492.0,6514242.0,17174595.0,68698848.0,8782820.0,8535944.0,13539421.0,11189104.0,8071148.0,50118437.0,Lions,2016
25595300.0,9665597.0,15930551.0,3014714.0,13382316.0,67588478.0,9138463.0,24753166.0,12393270.0,3598913.0,21773449.0,71657261.0,Giants,2016
10864196.0,5551588.0,14724668.0,11943324.0,23735090.0,66818866.0,33501913.0,7011441.0,11297021.0,7647569.0,16930497.0,76388441.0,Jaguars,2016
24056900.0,2492212.0,13619295.0,8561035.0,18007403.0,66736845.0,7240013.0,17109523.0,4802149.0,18916487.0,13055152.0,61123324.0,Ravens,2016
10107898.0,5337110.0,20760335.0,2530923.0,27844419.0,66580685.0,21908891.0,2652225.0,10859069.0,7858962.0,24531901.0,67811048.0,Jets,2016
9960643.0,10317028.0,4931355.0,6394996.0,33687976.0,65291998.0,9762192.0,19854836.0,12105117.0,11531668.0,7119979.0,60373792.0,Eagles,2016
20232200.0,8036819.0,16078663.0,4923789.0,14976072.0,64247543.0,17326136.0,21124929.0,7381104.0,15661151.0,5252667.0,66745987.0,Chiefs,2016
7534058.0,7603960.0,14852328.0,10992080.0,21398613.0,62381039.0,15355883.0,17193846.0,8042363.0,10382798.0,13084964.0,64059854.0,Titans,2016
14412646.0,7911734.0,6448981.0,2062362.0,31103538.0,61939261.0,22938450.0,14197538.0,14400101.0,5327548.0,19939515.0,76803152.0,Texans,2016
13281182.0,1974686.0,6367688.0,11317299.0,28834646.0,61775501.0,17479805.0,24908290.0,8873417.0,11884805.0,12949485.0,76095802.0,Dolphins,2016
23694507.0,3028926.0,11876072.0,5615042.0,16923639.0,61138186.0,9996826.0,13678890.0,16215848.0,10807904.0,9075198.0,59774666.0,49ers,2016
10286322.0,10305929.0,12971463.0,7994746.0,19315114.0,60873574.0,22682421.0,11436205.0,4326517.0,14367753.0,15208647.0,68021543.0,Bills,2016
9453311.0,6684248.0,16984504.0,7779092.0,18948473.0,59849628.0,12337912.0,22337341.0,9904864.0,6193434.0,14857989.0,65631540.0,Rams,2016
18997000.0,2236171.0,13750952.0,12684653.0,6307577.0,53976353.0,5661793.0,17312549.0,15426110.0,17920176.0,20642727.0,76963355.0,Seahawks,2016
18617300.0,4961190.0,5224319.0,5726719.0,19176356.0,53705884.0,5140464.0,9660901.0,9598215.0,16579686.0,4828050.0,45807316.0,Saints,2016
2261161.0,7652724.0,24631438.0,4002548.0,14289846.0,52837717.0,14874328.0,22787306.0,6341732.0,11486444.0,22329018.0,77818828.0,Broncos,2016
11022385.0,2873269.0,8060225.0,3663632.0,20849784.0,46469295.0,11120534.0,1500998.0,6626100.0,2503713.0,23427666.0,45179011.0,Browns,2016
21004781.0,13113454.0,17778997.0,3945253.0,39055012.0,94897497.0,15833947.0,8183830.0,6906583.0,12475138.0,11466541.0,54866039.0,Steelers,2017
17066663.0,3913937.0,21228435.0,8513978.0,43010782.0,93733795.0,4925768.0,16020328.0,3913692.0,11365174.0,22873492.0,59098454.0,Raiders,2017
27422800.0,5928217.0,28103286.0,4019531.0,25953036.0,91426870.0,11309437.0,18256298.0,8512929.0,6556132.0,15535401.0,60170197.0,Falcons,2017
27543600.0,4474359.0,10894949.0,11840649.0,34757110.0,89510667.0,12451986.0,17002208.0,8198492.0,6606862.0,24425407.0,68684955.0,Commanders,2017
29489118.0,3666976.0,20439056.0,6097469.0,28917997.0,88610616.0,11978095.0,14486303.0,6172044.0,15728455.0,21047533.0,69412430.0,Cardinals,2017
21034437.0,2394382.0,31564129.0,3754657.0,28553585.0,87301190.0,14712089.0,26170012.0,2563395.0,11727962.0,9272758.0,64446216.0,Packers,2017
7948686.0,7712155.0,20433394.0,10106000.0,34671590.0,80871825.0,14920141.0,21800072.0,14705805.0,14776850.0,4361412.0,70564280.0,Eagles,2017
21278625.0,2385295.0,14645439.0,10633090.0,31878770.0,80821219.0,14795376.0,16993112.0,11977212.0,7234912.0,17788027.0,68788639.0,Bears,2017
22710632.0,11316345.0,7593965.0,15861068.0,22836833.0,80318843.0,19975799.0,14930437.0,27237850.0,7693071.0,6607630.0,76444787.0,Panthers,2017
20365000.0,6649958.0,7172234.0,13281931.0,32749192.0,80218315.0,7351727.0,15826140.0,11368168.0,9465615.0,5035764.0,49047414.0,Saints,2017
14476471.0,11010522.0,18838336.0,12917262.0,22196744.0,79439335.0,10484357.0,5229052.0,13278110.0,23735041.0,16603309.0,69329869.0,Patriots,2017
33058282.0,3310080.0,9776316.0,9519411.0,22688764.0,78352853.0,21338272.0,20091185.0,11883805.0,11301524.0,5758889.0,70373675.0,Dolphins,2017
26742000.0,5270289.0,16212624.0,5393387.0,23346656.0,76964956.0,8142163.0,11289373.0,5332555.0,12619611.0,15031988.0,52415690.0,Ravens,2017
1782314.0,7879602.0,26062634.0,16565097.0,23737956.0,76027603.0,4846639.0,17309055.0,13571954.0,3098994.0,10844663.0,49671305.0,Cowboys,2017
16798413.0,7569296.0,24430688.0,9413806.0,17247941.0,75460144.0,12361126.0,14384255.0,17613896.0,10969118.0,22900422.0,78228817.0,Bengals,2017
19155000.0,5059879.0,20577484.0,8986982.0,21498674.0,75278019.0,17068671.0,23167189.0,5864393.0,6553828.0,9329846.0,61983927.0,Chargers,2017
10238211.0,11190118.0,6496909.0,11467859.0,35796366.0,75189463.0,10325927.0,13718331.0,7077973.0,7686153.0,5801497.0,44609881.0,Bills,2017
22129791.0,6704574.0,15603598.0,10039875.0,20295961.0,74773799.0,14868181.0,21252770.0,3079205.0,7567614.0,4398800.0,51166570.0,Colts,2017
17047200.0,5553764.0,18671297.0,5529031.0,22993789.0,69795081.0,15087353.0,14892449.0,12040537.0,11021745.0,17917711.0,70959795.0,Lions,2017
21444105.0,6846041.0,14572454.0,4806305.0,21971246.0,69640151.0,13231093.0,26432590.0,11922152.0,3870386.0,27976841.0,83433062.0,Giants,2017
10071983.0,13724506.0,13512773.0,7480525.0,23902263.0,68692050.0,36897369.0,8251178.0,13216415.0,15958866.0,13849553.0,88173381.0,Jaguars,2017
3855907.0,9441681.0,22653336.0,10632622.0,20421501.0,67005047.0,17826431.0,14975844.0,9833223.0,10598898.0,21425963.0,74660359.0,Texans,2017
22523284.0,6109029.0,10830686.0,7988864.0,19431712.0,66883575.0,13847877.0,15647606.0,10635653.0,11466277.0,21360634.0,72958047.0,Vikings,2017
11738985.0,8969129.0,18804531.0,3178912.0,23495847.0,66187404.0,30220786.0,9762983.0,8819460.0,8500031.0,17764740.0,75068000.0,Buccaneers,2017
21205288.0,4243728.0,5474701.0,7192941.0,25611612.0,63728270.0,16972578.0,35949428.0,6576004.0,14053421.0,6828257.0,80379688.0,Chiefs,2017
3920973.0,6090264.0,25054318.0,4832368.0,23704519.0,63602442.0,18109284.0,23398406.0,9388589.0,8775903.0,24273641.0,83945823.0,Broncos,2017
7755133.0,6953354.0,25219237.0,3237501.0,20306285.0,63471510.0,19055848.0,15841769.0,17897035.0,5194177.0,22147687.0,80136516.0,Rams,2017
15443870.0,5565665.0,8724467.0,12553573.0,21118436.0,63406011.0,9895825.0,19887433.0,18261753.0,20890487.0,23142234.0,92077732.0,Seahawks,2017
10351646.0,8746428.0,19514493.0,7486458.0,17127063.0,63226088.0,20991161.0,23008834.0,9206570.0,13657831.0,15276846.0,82141242.0,Titans,2017
8334184.0,10310192.0,8058956.0,2443262.0,29743163.0,58889757.0,30004586.0,5244382.0,5963101.0,6921694.0,16360022.0,64493785.0,Jets,2017
2209957.0,4470494.0,5198547.0,3254760.0,41615803.0,56749561.0,5528898.0,9198852.0,21613135.0,3882857.0,7163759.0,47387501.0,Browns,2017
1280189.0,2825514.0,13826473.0,3831656.0,25655347.0,47419179.0,8811687.0,17957489.0,8945957.0,9535769.0,6441770.0,51692672.0,49ers,2017
38197259.0,8311842.0,18448916.0,3643398.0,33769652.0,102371067.0,10033146.0,16528345.0,8852841.0,6310620.0,18947503.0,60672455.0,49ers,2018
25915200.0,7694424.0,18652510.0,11533431.0,36376204.0,100171769.0,11861506.0,2352299.0,10206380.0,11068824.0,11492532.0,46981541.0,Raiders,2018
22329200.0,7325063.0,24432270.0,2433131.0,40262172.0,96781836.0,6021602.0,11943939.0,8581239.0,9445802.0,26512595.0,62505177.0,Falcons,2018
22071928.0,1581868.0,26709607.0,10835666.0,33058976.0,94258045.0,19391088.0,23692894.0,4603006.0,2949361.0,10277116.0,60913465.0,Packers,2018
22370588.0,6464791.0,11550945.0,16639653.0,35598047.0,92624024.0,11918322.0,17481245.0,6801489.0,5638443.0,21140054.0,62979553.0,Commanders,2018
24442360.0,5651728.0,19436865.0,7333699.0,34889282.0,91753934.0,2692766.0,13837156.0,21595019.0,5640141.0,18933305.0,62698387.0,Browns,2018
26852600.0,7093841.0,12859196.0,7775068.0,35725330.0,90306035.0,7215630.0,20379299.0,14765854.0,7798629.0,8475586.0,58634998.0,Saints,2018
23129200.0,4755413.0,25433190.0,7068484.0,27984393.0,88370680.0,14590006.0,22744570.0,6339835.0,10693090.0,17921985.0,72289486.0,Chargers,2018
25722676.0,2083712.0,20549797.0,13375573.0,25098865.0,86830623.0,11406297.0,12518570.0,3849218.0,6461829.0,5307934.0,39543848.0,Colts,2018
26462000.0,8510220.0,15333845.0,9592122.0,26668316.0,86566503.0,18526098.0,18610741.0,18490720.0,15731056.0,22554099.0,93912714.0,Vikings,2018
12616903.0,3981361.0,34124743.0,10224401.0,25173502.0,86120910.0,30935514.0,21624467.0,14813639.0,6026118.0,15212917.0,88612655.0,Buccaneers,2018
21505365.0,5143228.0,16761079.0,7215415.0,35461396.0,86086483.0,19610353.0,20521371.0,7463300.0,16905015.0,5420767.0,69920806.0,Eagles,2018
23044200.0,7894058.0,15575488.0,16740476.0,20349864.0,83604086.0,8841997.0,12784037.0,12418619.0,22783881.0,15107401.0,71935935.0,Patriots,2018
22245471.0,6826065.0,12594544.0,9312292.0,32444025.0,83422397.0,25938492.0,15594755.0,18109544.0,8525314.0,10046763.0,78214868.0,Panthers,2018
10598281.0,2865819.0,26134139.0,16862132.0,25838059.0,82298430.0,16269909.0,26108093.0,12062109.0,4184476.0,18514959.0,77139546.0,Bears,2018
17198153.0,6168245.0,22333466.0,9109741.0,26761854.0,81571459.0,17980043.0,21586114.0,18408108.0,6721891.0,22735864.0,87432020.0,Bengals,2018
24607847.0,1545560.0,13094252.0,5891394.0,35090781.0,80229834.0,18570996.0,7627086.0,15162163.0,7577505.0,18261233.0,67198983.0,Steelers,2018
15760757.0,8070717.0,13044099.0,3861826.0,36847212.0,77584611.0,16205890.0,5967157.0,11918348.0,10941303.0,27956260.0,72988958.0,Jets,2018
27560000.0,7708425.0,10261176.0,4771517.0,26454707.0,76755825.0,6088251.0,19866349.0,13152062.0,13868343.0,12942767.0,65917772.0,Lions,2018
24620964.0,4655724.0,20229810.0,3273982.0,22883379.0,75663859.0,5451644.0,5314490.0,26759580.0,26285750.0,7339007.0,71150471.0,Seahawks,2018
10507195.0,4122610.0,25766603.0,4425226.0,30559407.0,75381041.0,5156706.0,38276611.0,14286351.0,13320269.0,3678898.0,74718835.0,Dolphins,2018
10786333.0,12425774.0,17287457.0,4822038.0,28024882.0,73346484.0,49441021.0,1915141.0,11985485.0,11226426.0,27090280.0,101658353.0,Jaguars,2018
1816903.0,7705768.0,17811897.0,2372304.0,43159686.0,72866558.0,5600665.0,30183328.0,18325353.0,4718347.0,5642991.0,64470684.0,Cowboys,2018
6462373.0,3839568.0,13410657.0,12846159.0,35054355.0,71613112.0,13806414.0,30874001.0,6439413.0,20988021.0,5449388.0,77557237.0,Chiefs,2018
23411925.0,11329128.0,12265128.0,7070209.0,16351639.0,70428029.0,6466608.0,23401317.0,7366336.0,5267371.0,13155011.0,55656643.0,Giants,2018
27572118.0,3363334.0,12886087.0,4763673.0,21740115.0,70325327.0,9730013.0,11748483.0,10994045.0,16441962.0,26734432.0,75648935.0,Ravens,2018
9704446.0,6578378.0,8480482.0,11782366.0,33732729.0,70278401.0,26799400.0,19778901.0,12351575.0,11696707.0,20975177.0,91601760.0,Titans,2018
15706000.0,1963621.0,14510892.0,2980830.0,27685340.0,62846683.0,19610747.0,22060696.0,13626497.0,8651558.0,23101585.0,87051083.0,Broncos,2018
8767592.0,9038320.0,14151679.0,2758153.0,27763882.0,62479626.0,39110096.0,5771005.0,10912796.0,13578223.0,20726753.0,90098873.0,Rams,2018
4498746.0,8781571.0,22937792.0,3958681.0,21831728.0,62008518.0,19458959.0,20876470.0,10503200.0,11881679.0,32029767.0,94750075.0,Texans,2018
5229993.0,6642019.0,21383544.0,8338914.0,16580007.0,58174477.0,6574896.0,22609536.0,12827408.0,8859951.0,16131635.0,67003426.0,Cardinals,2018
4972932.0,12700103.0,3135006.0,10226000.0,13535618.0,44569659.0,13874163.0,18752548.0,8735891.0,12472941.0,7366816.0,61202359.0,Bills,2018
30060000.0,2275911.0,16313123.0,16508239.0,45779795.0,110937068.0,8776062.0,18915217.0,4713346.0,8930462.0,13575522.0,54910609.0,Packers,2019
23770750.0,5056256.0,21803199.0,11313773.0,42981228.0,104925206.0,21184145.0,18583642.0,17521770.0,5355326.0,6117885.0,68762768.0,Buccaneers,2019
27064655.0,6477550.0,23608026.0,7014216.0,37523591.0,101688038.0,8892283.0,30481766.0,11889408.0,7265608.0,12377117.0,70906182.0,Chargers,2019
29974202.0,8218621.0,9962196.0,17664279.0,32197919.0,98017217.0,11134561.0,18408787.0,3849469.0,7558867.0,22689383.0,63641067.0,Commanders,2019
17389080.0,7753530.0,28740271.0,10882654.0,32697458.0,97462993.0,18381875.0,13617308.0,4597140.0,7071863.0,23542739.0,67210925.0,Bengals,2019
25688481.0,8002165.0,14399349.0,5767514.0,40914105.0,94771614.0,5970975.0,10718493.0,8512658.0,19976408.0,9652415.0,54830949.0,Raiders,2019
11826075.0,3404034.0,35727967.0,6562380.0,36723539.0,94243995.0,11397361.0,24112662.0,14396593.0,15255977.0,21268697.0,86431290.0,Browns,2019
21532358.0,14578972.0,15938972.0,4258221.0,37558398.0,93866921.0,7219127.0,39706057.0,15326818.0,10736568.0,14706919.0,87695489.0,49ers,2019
26595000.0,3756693.0,13051443.0,6502176.0,42560951.0,92466263.0,10807620.0,14664025.0,20311789.0,4190537.0,16638197.0,66612168.0,Saints,2019
2903516.0,7258235.0,23195205.0,6115957.0,52928659.0,92401572.0,16270733.0,24047890.0,14935984.0,5626954.0,11759970.0,72641531.0,Cowboys,2019
23283000.0,7319205.0,16140089.0,8786988.0,34418326.0,89947608.0,25607015.0,8743596.0,10915774.0,8433793.0,30531666.0,84231844.0,Titans,2019
11793235.0,2907359.0,31309352.0,14444000.0,29040221.0,89494167.0,6581313.0,31084855.0,4862403.0,9200559.0,21669013.0,73398143.0,Colts,2019
28405163.0,8989981.0,16166352.0,8759798.0,26599108.0,88920402.0,7672043.0,11674925.0,14231925.0,8300429.0,5000958.0,46880280.0,Giants,2019
29905000.0,4409766.0,22442158.0,6058384.0,24116130.0,86931438.0,15106796.0,23691333.0,12871959.0,15018703.0,27075664.0,93764455.0,Vikings,2019
11765577.0,12126193.0,26412655.0,4228642.0,31811467.0,86344534.0,30585660.0,17851822.0,6129397.0,9800904.0,11806937.0,76174720.0,Rams,2019
31930059.0,2307429.0,17465459.0,6730065.0,27129944.0,85562956.0,15087044.0,9609031.0,15306901.0,5017157.0,23637112.0,68657245.0,Lions,2019
9288808.0,6758058.0,25947032.0,12691900.0,30594087.0,85279885.0,7958341.0,13963072.0,11996608.0,14285030.0,9297683.0,57500734.0,Chiefs,2019
18063000.0,9484109.0,15332230.0,5258881.0,36609416.0,84747636.0,17244922.0,10698868.0,21102931.0,10218404.0,17012133.0,76277258.0,Falcons,2019
26996766.0,5035413.0,12335319.0,6730075.0,33430896.0,84528469.0,5120514.0,21581217.0,27139216.0,10653670.0,4300635.0,68795252.0,Seahawks,2019
14278779.0,5468274.0,19997045.0,7822805.0,36444965.0,84011868.0,17465235.0,11566811.0,7692784.0,20577441.0,9679240.0,66981511.0,Eagles,2019
22535204.0,12229419.0,20229111.0,2677268.0,23741152.0,81412154.0,6821358.0,10952860.0,17073342.0,27918225.0,18863654.0,81629439.0,Patriots,2019
9491711.0,11432801.0,19374147.0,3093662.0,35809241.0,79201562.0,18448512.0,6035480.0,25047180.0,11243424.0,22098745.0,82873341.0,Jets,2019
27991392.0,1766913.0,4570576.0,8105668.0,36091768.0,78526317.0,31563825.0,14409336.0,13056501.0,5534972.0,18112322.0,82676956.0,Steelers,2019
7833793.0,12744125.0,27327533.0,3376502.0,26680848.0,77962801.0,24929692.0,18363703.0,9961506.0,11103156.0,19735855.0,84093912.0,Texans,2019
14055437.0,1792775.0,28561458.0,12492121.0,19864821.0,76766612.0,18306693.0,19067986.0,16116704.0,5683006.0,30304445.0,89478834.0,Bears,2019
8296599.0,12140266.0,16674681.0,3588603.0,34014338.0,74714487.0,10667138.0,21964198.0,7709824.0,4786932.0,17466133.0,62594225.0,Cardinals,2019
13149963.0,9322496.0,13956013.0,5508925.0,32106212.0,74043609.0,27738114.0,7443609.0,12613248.0,6361198.0,24220950.0,78377119.0,Jaguars,2019
24395545.0,6283177.0,9197102.0,9028498.0,22616326.0,71520648.0,30399334.0,18490862.0,22276998.0,8586514.0,7357669.0,87111377.0,Panthers,2019
6713826.0,4562191.0,18785529.0,10198933.0,31194376.0,71454855.0,21159179.0,26135699.0,11160531.0,12774835.0,7549959.0,78780203.0,Bills,2019
4187820.0,4647747.0,12405040.0,6811187.0,24600941.0,52652735.0,20449011.0,5276260.0,5177136.0,23587904.0,39039526.0,93529837.0,Ravens,2019
6936162.0,4939853.0,4509420.0,7329076.0,26251247.0,49965758.0,19079701.0,32887968.0,7801084.0,11185503.0,19461415.0,90415671.0,Broncos,2019
7119898.0,1989719.0,21269506.0,2790180.0,10059484.0,43228787.0,7091738.0,4005733.0,5737573.0,30648047.0,17524815.0,65007906.0,Dolphins,2019
47105566.0,5629641.0,19415611.0,10806164.0,50913166.0,133870148.0,33864259.0,15097967.0,7983967.0,7437136.0,13393415.0,77776744.0,Colts,2020
31625000.0,8300028.0,18214691.0,15657398.0,53138925.0,126936042.0,13236548.0,18222524.0,16390125.0,20138076.0,8384032.0,76371305.0,Raiders,2020
21452022.0,3762174.0,29943350.0,15435113.0,39993612.0,110586271.0,26475772.0,13051595.0,5348034.0,9032645.0,8624266.0,62532312.0,Eagles,2020
27556500.0,6969905.0,14576858.0,19792747.0,40217623.0,109113633.0,20612811.0,29946760.0,19483225.0,4118737.0,6385738.0,80547271.0,Buccaneers,2020
23182000.0,8686298.0,21162541.0,6544772.0,47116265.0,106691876.0,14054420.0,15690717.0,7625164.0,13109660.0,22134071.0,72614032.0,Titans,2020
24645540.0,7058628.0,20521932.0,5301804.0,47239400.0,104767304.0,15375862.0,35768583.0,8225930.0,14695548.0,9592282.0,83658205.0,Packers,2020
11937673.0,6893053.0,33178607.0,8176049.0,40583203.0,100768585.0,17914080.0,26132262.0,6861412.0,9671857.0,18075490.0,78655101.0,Browns,2020
35728728.0,12355915.0,18148958.0,6554264.0,27902811.0,100690676.0,13356195.0,14629219.0,18552489.0,5243874.0,9660756.0,61442533.0,Cowboys,2020
7250503.0,5099201.0,36777928.0,12578400.0,36669047.0,98375079.0,18388976.0,27380548.0,21534268.0,23192615.0,7893856.0,98390263.0,Chiefs,2020
14334715.0,16353897.0,23107507.0,6027564.0,37592815.0,97416498.0,23059628.0,16478521.0,17873795.0,7768067.0,15354867.0,80534878.0,Texans,2020
8756449.0,5465493.0,34088188.0,10368680.0,38644130.0,97322940.0,21223086.0,31426602.0,16731863.0,16659474.0,20736847.0,106777872.0,Bills,2020
32063900.0,9951728.0,16222301.0,12094038.0,26646044.0,96978011.0,11979291.0,11274881.0,33886063.0,11699875.0,10554173.0,79394283.0,Seahawks,2020
21507782.0,9372815.0,26854214.0,3078558.0,35991007.0,96804376.0,17819198.0,14691090.0,13006119.0,17770690.0,7025458.0,70312555.0,Falcons,2020
28656986.0,12651495.0,11274168.0,8237185.0,34553407.0,95373241.0,6427647.0,33179317.0,4658200.0,12992886.0,23135002.0,80393052.0,49ers,2020
29615000.0,10071475.0,15770933.0,12818826.0,26828544.0,95104778.0,15509386.0,14776363.0,14017409.0,6835585.0,15982911.0,67121654.0,Saints,2020
7882344.0,10305900.0,37184947.0,9965411.0,27247745.0,92586347.0,29271973.0,4182486.0,5961669.0,13144334.0,27676010.0,80236472.0,Bengals,2020
8405304.0,13923430.0,23880958.0,7419447.0,35630875.0,89260014.0,24137314.0,7290295.0,16794724.0,14908372.0,13037624.0,76168329.0,Giants,2020
13077156.0,7122592.0,19513770.0,16077000.0,32040903.0,87831421.0,11318006.0,34806798.0,15450481.0,8080983.0,22250416.0,91906684.0,Chargers,2020
29742082.0,4617451.0,16494036.0,12714317.0,22942443.0,86510329.0,33835477.0,12064881.0,3154812.0,6219689.0,12460591.0,67735450.0,Rams,2020
16294775.0,5188323.0,25075558.0,10102779.0,29765996.0,86427431.0,23369611.0,34953918.0,11570430.0,7673452.0,22163187.0,99730598.0,Bears,2020
15601427.0,12031841.0,16714487.0,2979798.0,35976093.0,83303646.0,26270183.0,11266370.0,12158932.0,9916654.0,4327671.0,63939810.0,Panthers,2020
23776471.0,4561066.0,17671718.0,10449973.0,22917842.0,79377070.0,8469068.0,26497026.0,16088641.0,8317073.0,27875270.0,87247078.0,Lions,2020
25787420.0,3152932.0,5904043.0,8917978.0,34322786.0,78085159.0,31946840.0,20928988.0,14097958.0,7531643.0,22491577.0,96997006.0,Steelers,2020
9578101.0,10593827.0,23209798.0,5105235.0,29353069.0,77840030.0,12796580.0,32876967.0,18224888.0,6926444.0,25002424.0,95827303.0,Cardinals,2020
22173100.0,7162164.0,17888635.0,11517438.0,17340511.0,76081848.0,8975453.0,11670056.0,24254783.0,23730611.0,7944494.0,76575397.0,Vikings,2020
21143235.0,4636838.0,5094070.0,5735630.0,37529075.0,74138848.0,14842436.0,23435574.0,10601855.0,17618175.0,12168640.0,78666680.0,Commanders,2020
3605328.0,11650746.0,18385266.0,2423440.0,37449919.0,73514699.0,13774273.0,10921606.0,2456912.0,13468641.0,40532199.0,81153631.0,Patriots,2020
10741087.0,2359512.0,20094445.0,6041573.0,30068651.0,69305268.0,18519603.0,7043171.0,16895382.0,8641644.0,9088228.0,60188028.0,Jets,2020
13738107.0,6048483.0,12934747.0,5150508.0,25769545.0,63641390.0,8882281.0,30184088.0,9679600.0,15602600.0,34531218.0,98879787.0,Dolphins,2020
2218968.0,4284150.0,13008642.0,7035664.0,34261623.0,60809047.0,9073262.0,10129711.0,24171380.0,6022218.0,15313716.0,64710287.0,Jaguars,2020
5966788.0,8155745.0,12794229.0,8389562.0,21116613.0,56422937.0,27706314.0,25887415.0,7122223.0,6137220.0,36177351.0,103030523.0,Ravens,2020
3938956.0,9025620.0,9316695.0,7139192.0,24536776.0,53957239.0,23618489.0,36419854.0,3752646.0,27037756.0,20138402.0,110967147.0,Broncos,2020
17953574.0,12035178.0,18397436.0,16112858.0,48082696.0,112581742.0,4940321.0,18031468.0,8430221.0,10599169.0,16475385.0,58476564.0,Browns,2021
19135600.0,9421449.0,33396526.0,8390452.0,33054614.0,103398641.0,7668124.0,31773423.0,11100359.0,5049344.0,15914305.0,71505555.0,Cowboys,2021
22136113.0,6827157.0,16192231.0,10466191.0,43792546.0,99414238.0,29958645.0,11329895.0,13284980.0,5690631.0,17788830.0,78052981.0,Colts,2021
7962377.0,3954009.0,31908707.0,6176082.0,45637619.0,95638794.0,18957019.0,17880400.0,16904572.0,15659946.0,4647896.0,74049833.0,Jets,2021
30581060.0,6594753.0,25476456.0,6298940.0,25662744.0,94613953.0,14912057.0,30741794.0,4859875.0,12249104.0,10494161.0,73256991.0,Packers,2021
13552013.0,7903400.0,27844841.0,11246722.0,32632000.0,93178976.0,18437066.0,20874895.0,14636136.0,6607793.0,10080486.0,70636376.0,Buccaneers,2021
8035281.0,8542094.0,34801898.0,7986554.0,32588937.0,91954764.0,19659580.0,25210644.0,8301664.0,7817229.0,22630464.0,83619581.0,Chargers,2021
33349156.0,8755882.0,9519367.0,7863493.0,29961607.0,89449505.0,8945797.0,37638133.0,7616028.0,9059886.0,12969437.0,76229281.0,49ers,2021
8947733.0,6466686.0,14495851.0,7042883.0,51489049.0,88442202.0,12950289.0,18128257.0,17240543.0,6730468.0,14101980.0,69151537.0,Jaguars,2021
33507500.0,8917195.0,12939419.0,6010177.0,26938287.0,88312578.0,9216698.0,11869192.0,22784624.0,11188515.0,6760542.0,61819571.0,Seahawks,2021
11081777.0,4387168.0,22461209.0,10860784.0,38223833.0,87014771.0,17619203.0,33036833.0,17081727.0,11793083.0,5346723.0,84877569.0,Cardinals,2021
12020333.0,15512770.0,9832138.0,7244014.0,41177168.0,85786423.0,10176787.0,10731638.0,10537795.0,18006045.0,11198678.0,60650943.0,Titans,2021
8984088.0,14243098.0,17100319.0,13588566.0,30547004.0,84463075.0,17946070.0,6332731.0,11369889.0,16104871.0,20717406.0,72470967.0,Giants,2021
11954381.0,5920953.0,38584072.0,10306584.0,16909929.0,83675919.0,13066824.0,11270090.0,9884867.0,12997394.0,34406144.0,81625319.0,Dolphins,2021
29429000.0,2651711.0,12173921.0,10820907.0,28356946.0,83432485.0,28858522.0,13833204.0,10355974.0,5057903.0,9639092.0,67744695.0,Falcons,2021
25765000.0,10563364.0,5819855.0,8743209.0,32231713.0,83123141.0,11778821.0,18564836.0,19055704.0,6248290.0,9303864.0,64951515.0,Raiders,2021
13591944.0,3951831.0,11023030.0,7081381.0,43517622.0,79165808.0,20312747.0,13948471.0,10373793.0,22785858.0,22097770.0,89518639.0,Commanders,2021
33286933.0,7166003.0,14628459.0,4765830.0,18976157.0,78823382.0,15957772.0,17192697.0,23783390.0,10655965.0,12555136.0,80144960.0,Vikings,2021
22848835.0,8294192.0,11736292.0,5623184.0,29182608.0,77685111.0,9920959.0,6488018.0,13244544.0,13656590.0,13021581.0,56331692.0,Texans,2021
9918102.0,11151410.0,20240018.0,8811429.0,25634500.0,75755459.0,24636551.0,18701932.0,6670520.0,11945326.0,33305529.0,95259858.0,Bengals,2021
12943981.0,4749059.0,22340141.0,2152750.0,32975145.0,75161076.0,21438386.0,24237883.0,23070184.0,13577981.0,13341560.0,95665994.0,Bills,2021
15162197.0,6793142.0,23816178.0,9240324.0,18640698.0,73652539.0,26939624.0,29052430.0,14937106.0,8872500.0,6517421.0,86319081.0,Bears,2021
4645686.0,5995321.0,17865475.0,15278024.0,29479424.0,73263930.0,9620537.0,17559662.0,22789047.0,20807958.0,20534652.0,91311856.0,Patriots,2021
21515000.0,6524693.0,15345744.0,8559019.0,19911195.0,71855651.0,24636263.0,10301210.0,2935466.0,4560477.0,17562194.0,59995610.0,Rams,2021
7063475.0,12823198.0,15644823.0,5387629.0,27755031.0,68674156.0,10943846.0,12395715.0,10360250.0,13133496.0,28883123.0,75716430.0,Broncos,2021
4266117.0,8210277.0,14666168.0,11853791.0,29430260.0,68426613.0,8119313.0,16877510.0,11701382.0,19014778.0,8281114.0,63994097.0,Saints,2021
29853066.0,5480165.0,8548274.0,6995881.0,15125238.0,66002624.0,23090770.0,10365229.0,11332162.0,6626320.0,22623955.0,74038436.0,Steelers,2021
9351714.0,5433901.0,22867909.0,9570894.0,18617755.0,65842173.0,18486165.0,29594317.0,15978427.0,23604868.0,9058130.0,96721907.0,Chiefs,2021
4028597.0,7309204.0,14428685.0,10494617.0,26461996.0,62723099.0,32559525.0,9520273.0,8917743.0,7035227.0,32040698.0,90073466.0,Ravens,2021
11654685.0,8710326.0,16677314.0,4033313.0,21170301.0,62245939.0,14544720.0,11028902.0,10498344.0,8287077.0,19983381.0,64342424.0,Panthers,2021
14042071.0,5166911.0,5166732.0,6768589.0,30734194.0,61878497.0,10650670.0,28999584.0,6343876.0,6480559.0,11531638.0,64006327.0,Lions,2021
2622691.0,3587095.0,10234216.0,5787910.0,38148853.0,60380765.0,21527711.0,16619103.0,5457482.0,5487108.0,15124292.0,64215696.0,Eagles,2021
22610408.0,23380916.0,16495796.0,15817500.0,58475758.0,136780378.0,11582200.0,23570853.0,11906268.0,10128724.0,21561150.0,78749195.0,Cowboys,2022
40200000.0,19573052.0,34271824.0,8769118.0,33133702.0,135947696.0,18443812.0,28782416.0,9970991.0,13607941.0,12815942.0,83621102.0,Titans,2022
34431000.0,17336882.0,14445545.0,28211591.0,39703480.0,134128498.0,11924872.0,15874221.0,8124775.0,13420660.0,13407257.0,62751785.0,Browns,2022
34300000.0,10118377.0,16930592.0,11302392.0,50630863.0,123282224.0,15716671.0,28657748.0,10292138.0,11621982.0,21511989.0,87800528.0,Lions,2022
34133017.0,4696931.0,29698350.0,9530323.0,42589265.0,120647886.0,21794000.0,18375636.0,11533578.0,22688454.0,31248732.0,105640400.0,Commanders,2022
39323381.0,7476059.0,21064191.0,13746827.0,36840103.0,118450561.0,36223629.0,20094170.0,8458476.0,12754009.0,12203236.0,89733520.0,Chiefs,2022
14851841.0,8141326.0,30821453.0,10420000.0,53451418.0,117686038.0,38263183.0,9181678.0,18943757.0,21675772.0,12314396.0,100378786.0,Cardinals,2022
6007350.0,7714387.0,38958130.0,31772489.0,31200973.0,115653329.0,22042397.0,27713354.0,9020038.0,16699924.0,24705358.0,100181071.0,Patriots,2022
37406195.0,5368378.0,17613160.0,11267523.0,43644813.0,115300069.0,11679191.0,42121591.0,19991683.0,18408959.0,18186939.0,110388363.0,49ers,2022
24622666.0,9423308.0,11685498.0,19847271.0,47135864.0,112714607.0,15924708.0,11790946.0,7862558.0,12009499.0,41579435.0,89167146.0,Ravens,2022
13990556.0,5993176.0,32092049.0,9651642.0,49253000.0,110980423.0,19448656.0,40915122.0,25375333.0,12944845.0,15986791.0,114670747.0,Jets,2022
25960000.0,7375238.0,23841904.0,7159301.0,45869483.0,110205926.0,17310715.0,24197390.0,9970470.0,25238464.0,26434891.0,103151930.0,Broncos,2022
34347336.0,16262080.0,22617674.0,6066693.0,29559117.0,108852900.0,17288355.0,22600631.0,22488812.0,12926357.0,12195937.0,87500092.0,Vikings,2022
21163000.0,13904043.0,27310091.0,7471310.0,37657852.0,107506296.0,12635260.0,17420930.0,22033333.0,7968659.0,19435504.0,79493686.0,Panthers,2022
12696293.0,7299624.0,34369396.0,19455093.0,31570509.0,105390915.0,28544030.0,30924945.0,13239042.0,15474157.0,34344153.0,122526327.0,Jaguars,2022
16374031.0,8084083.0,29682706.0,5839336.0,44670537.0,104650693.0,14427975.0,13278064.0,29066730.0,9025913.0,19634020.0,85432702.0,Buccaneers,2022
12724336.0,11257551.0,41562615.0,5007500.0,33192953.0,103744955.0,38558316.0,14538027.0,13748519.0,7841182.0,15358225.0,90044269.0,Giants,2022
10988406.0,11798280.0,41158649.0,8287693.0,31255979.0,103489007.0,19234045.0,41933385.0,11331825.0,16692708.0,24026998.0,113218961.0,Chargers,2022
16377489.0,13366670.0,25413408.0,20345054.0,27386399.0,102889020.0,28457058.0,12922261.0,20040294.0,12245862.0,31415609.0,105081084.0,Dolphins,2022
21095224.0,10228557.0,13192044.0,10186139.0,48084518.0,102786482.0,31348188.0,23081517.0,23368981.0,8422143.0,25395127.0,111615956.0,Colts,2022
33320878.0,10427629.0,16356905.0,11390308.0,30517376.0,102013096.0,26009778.0,21255586.0,11738322.0,15143968.0,17396695.0,91544349.0,Packers,2022
20792281.0,7896686.0,22433671.0,8019683.0,40064933.0,99207254.0,17823315.0,13255355.0,26642886.0,19013675.0,31181406.0,107916637.0,Bills,2022
5719896.0,5910242.0,22028563.0,7885367.0,57319679.0,98863747.0,44140132.0,23453097.0,7944176.0,5880047.0,19819512.0,101236964.0,Eagles,2022
7993395.0,10917265.0,28597977.0,12129739.0,36481785.0,96120161.0,12615728.0,23046816.0,13400163.0,18254901.0,19258160.0,86575768.0,Saints,2022
12075037.0,17219643.0,27018588.0,8168469.0,30676167.0,95157904.0,26007914.0,27713081.0,9424820.0,25456735.0,25137452.0,113740002.0,Bengals,2022
22989000.0,12959454.0,16967075.0,12083348.0,29360858.0,94359735.0,11922573.0,38613408.0,22844584.0,12192219.0,16234208.0,101806992.0,Raiders,2022
15220000.0,6226879.0,30531994.0,12364785.0,29876882.0,94220540.0,43855785.0,13898433.0,7657693.0,9004313.0,33298995.0,107715219.0,Rams,2022
5822429.0,8773711.0,22705290.0,8426778.0,43838831.0,89567039.0,10843624.0,20481789.0,18355294.0,12523667.0,24090336.0,86294710.0,Texans,2022
6556022.0,16014440.0,21951721.0,9396194.0,24822104.0,78740481.0,26690588.0,22677455.0,10389577.0,21711387.0,14216983.0,95685990.0,Seahawks,2022
5785000.0,6613472.0,14733401.0,11500161.0,33558713.0,72190747.0,22053531.0,6445038.0,26544089.0,6447570.0,17210459.0,78700687.0,Falcons,2022
5874080.0,13080705.0,11963073.0,7288884.0,26443345.0,64650087.0,15831694.0,26875270.0,24195818.0,21422586.0,9950672.0,98276040.0,Bears,2022
9132488.0,6595453.0,14253064.0,5919962.0,22769637.0,58670604.0,45949614.0,33890267.0,19455039.0,15964500.0,17229654.0,132489074.0,Steelers,2022
36613637.0,11131622.0,65298246.0,7629336.0,53174294.0,173847135.0,20749887.0,26457088.0,23136636.0,4070013.0,21037099.0,95450723.0,Buccaneers,2023
54993000.0,16780823.0,34740906.0,2945591.0,48210243.0,157670563.0,5131846.0,30436246.0,7462308.0,17759393.0,17911408.0,78701201.0,Browns,2023
16708395.0,16963000.0,40539638.0,20374141.0,55286113.0,149871287.0,11106727.0,42912028.0,19024026.0,24361666.0,31535704.0,128940151.0,Saints,2023
50070000.0,19400000.0,25846647.0,2680000.0,50020464.0,148017111.0,13529743.0,30495490.0,10457623.0,14080000.0,16274106.0,84836962.0,Cowboys,2023
870000.0,21539043.0,53655524.0,8944573.0,52620168.0,137629308.0,16113842.0,28582070.0,30888334.0,7699408.0,26399033.0,109682687.0,Panthers,2023
30650000.0,4551510.0,21802644.0,12067639.0,57401579.0,126473372.0,17680220.0,33947078.0,2052284.0,13408235.0,16492721.0,83580538.0,Lions,2023
34703000.0,12826326.0,49914767.0,13790000.0,14322792.0,125556885.0,11326056.0,6146384.0,13563859.0,17741359.0,5979260.0,54756918.0,Cardinals,2023
10523645.0,8659000.0,49202090.0,8165099.0,43603763.0,120153597.0,35737481.0,6531461.0,11900000.0,4801067.0,39233164.0,98203173.0,Dolphins,2023
37674567.0,17049182.0,29909933.0,2126733.0,31338470.0,118098885.0,16386081.0,33728249.0,21347396.0,25767643.0,3212446.0,100441815.0,Vikings,2023
27000000.0,3357933.0,42301909.0,4135853.0,40260909.0,117056604.0,22254788.0,20207113.0,12308009.0,21143464.0,25797671.0,101711045.0,Broncos,2023
35745000.0,9039964.0,31390000.0,7870000.0,31194667.0,115239631.0,8498073.0,42120080.0,2228410.0,4963021.0,4759363.0,62568947.0,Raiders,2023
36600000.0,17413052.0,21556987.0,5105000.0,33989844.0,114664883.0,23692436.0,40974916.0,16845419.0,23110537.0,12131758.0,116755066.0,Titans,2023
39772281.0,3593334.0,29475877.0,2365000.0,38300657.0,113507149.0,26556333.0,27093329.0,15105492.0,12686119.0,35786951.0,117228224.0,Bills,2023
47663381.0,6073006.0,11870000.0,17408445.0,28514079.0,111528911.0,27041668.0,34406693.0,5008253.0,15788149.0,6110032.0,88354795.0,Chiefs,2023
10912253.0,4469233.0,43187748.0,3639505.0,49049549.0,111258288.0,26507713.0,25630687.0,24112070.0,12767415.0,37928490.0,126946375.0,Jaguars,2023
20000000.0,2931207.0,44385624.0,11654786.0,32069541.0,111041158.0,28819133.0,26096254.0,13305232.0,4098651.0,29070731.0,101390001.0,Rams,2023
15445000.0,6453472.0,21675154.0,10748593.0,52954434.0,107276653.0,26464545.0,2000038.0,21415706.0,5173406.0,15443220.0,70496915.0,Falcons,2023
2793769.0,2859714.0,21776072.0,8461767.0,70746244.0,106637566.0,23947742.0,29213921.0,8529269.0,4008107.0,38003512.0,103702551.0,Eagles,2023
28884371.0,2521144.0,23722759.0,12650325.0,38352927.0,106131526.0,21500000.0,26380172.0,7474365.0,8046101.0,31403086.0,94803724.0,Commanders,2023
35563765.0,24399954.0,4488925.0,2891867.0,38249381.0,105593892.0,33904732.0,26765127.0,14111837.0,18649067.0,31890117.0,125320880.0,Packers,2023
9326876.0,12068280.0,43817379.0,10175232.0,29812699.0,105200466.0,19449722.0,60398385.0,7806893.0,3765324.0,31037814.0,122458138.0,Chargers,2023
1424209.0,2648858.0,31237225.0,2843249.0,65256973.0,103410514.0,16208548.0,13088695.0,12133971.0,7530099.0,19116708.0,68078021.0,Texans,2023
37050224.0,11404428.0,8865982.0,8211139.0,37783518.0,103315291.0,33098188.0,7146100.0,27732353.0,3430890.0,22335127.0,93742658.0,Colts,2023
9586549.0,3218176.0,35954400.0,18759999.0,29377490.0,96896614.0,10576225.0,37899419.0,21399009.0,14688069.0,25800518.0,110363240.0,Jets,2023
11515043.0,14704055.0,26129335.0,870000.0,41452715.0,94671148.0,29219973.0,31867875.0,4696399.0,0.0,20331595.0,86115842.0,Bengals,2023
876667.0,9242324.0,12196050.0,21407611.0,45890596.0,89613248.0,23645314.0,12355682.0,6925986.0,13837000.0,21943032.0,78707014.0,Ravens,2023
6490820.0,6447853.0,13216668.0,32912313.0,19288310.0,78355964.0,7357124.0,28980216.0,4550038.0,18403647.0,13524914.0,72815939.0,Patriots,2023
9301434.0,3184875.0,7817248.0,20308258.0,36034925.0,76646740.0,5798223.0,50794999.0,23915667.0,11848371.0,19591449.0,111948709.0,49ers,2023
6900000.0,2733051.0,31266684.0,1745000.0,29709844.0,72354579.0,44100530.0,12779785.0,6977048.0,5279878.0,24822305.0,93959546.0,Giants,2023
11517488.0,6493002.0,6257081.0,2552855.0,37411263.0,64231689.0,33171365.0,29288267.0,13212925.0,2482500.0,17946110.0,96101167.0,Steelers,2023
1885000.0,2633600.0,22077508.0,18149277.0,14734930.0,59480315.0,20495000.0,17832090.0,4766480.0,39706999.0,2929887.0,85730456.0,Seahawks,2023
7611896.0,3881860.0,3183798.0,4157447.0,27339611.0,46174612.0,14006795.0,26437206.0,3558834.0,20590086.0,4017747.0,68610668.0,Bears,2023